FC	B.1.1.529.5.3.1.1.1.1.1.1.72
FB	B.1.1.529.5.3.1.1.1.1.1.2.1
FA	B.1.1.529.5.3.1.1.1.1.1.1.10
EZ	B.1.1.529.5.3.1.1.1.1.1.1.43
EY	B.1.1.529.5.3.1.1.1.1.1.1.13.1.1.1
EW	B.1.1.529.5.3.1.1.1.1.1.1.38
EV	B.1.1.529.5.3.1.1.1.1.1.1.71
ET	B.1.1.529.5.3.1.1.1.1.1.1.35
ES	B.1.1.529.5.3.1.1.1.1.1.1.65
ER	B.1.1.529.5.3.1.1.1.1.1.1.22
EQ	B.1.1.529.5.1.33
EP	B.1.1.529.2.75.3.1.1.4
EN	B.1.1.529.5.3.1.1.1.1.1.1.46
EJ	B.1.1.529.2.75.5.1.3.8
EH	B.1.1.529.5.3.1.1.1.1.1.1.28
EF	B.1.1.529.5.3.1.1.1.1.1.1.13
EE	B.1.1.529.5.3.1.1.1.1.1.1.4
ED	B.1.1.529.5.3.1.1.1.1.1.1.18
EC	B.1.1.529.5.3.1.1.1.1.1.10.1
EB	B.1.1.529.5.1.35
EA	B.1.1.529.5.3.1.1.1.1.1.1.52
DZ	B.1.1.529.5.2.49
DY	B.1.1.529.5.2.48
DW	B.1.1.529.5.3.1.1.2.1
DV	B.1.1.529.2.75.3.4.1.1.1.1.1
DU	B.1.1.529.5.3.1.1.1.1.1.1.2
DT	B.1.1.529.5.3.1.1.1.1.1.1.32
DS	B.1.1.529.2.75.5.1.3.1
DR	B.1.1.529.5.3.1.1.1.1.1.1.3
DQ	B.1.1.529.5.2.47
DP	B.1.1.529.5.3.1.1.1.1.1.1.8
DN	B.1.1.529.5.3.1.1.1.1.1.1.5
DM	B.1.1.529.5.3.1.1.1.1.1.1.15
DL	B.1.1.529.5.1.15
DK	B.1.1.529.5.3.1.1.1.1.1.1.7
DJ	B.1.1.529.5.1.25
DH	B.1.1.529.5.1.22
DG	B.1.1.529.5.2.24.2.1.1
DF	B.1.1.529.5.10.1
DE	B.1.1.529.5.1.23
DD	B.1.1.529.2.3.21
DC	B.1.1.529.4.6.5
DB	B.1.1.529.5.2.25
DA	B.1.1.529.5.2.38
CZ	B.1.1.529.5.3.1.1.1.1.1.1.1
CY	B.1.1.529.5.2.7
CW	B.1.1.529.5.3.1.1.1.1.1.1.14
CV	B.1.1.529.2.75.3.1.1.3
CU	B.1.1.529.5.1.26
CT	B.1.1.529.5.2.36
CS	B.1.1.529.4.1.10
CR	B.1.1.529.5.2.18
CQ	B.1.1.529.5.3.1.4.1.1
CP	B.1.1.529.5.2.6
CN	B.1.1.529.5.2.21
CM	B.1.1.529.2.3.20
CL	B.1.1.529.5.1.29
CK	B.1.1.529.5.2.24
CJ	B.1.1.529.2.75.3.1.1.1
CH	B.1.1.529.2.75.3.4.1.1
CG	B.1.1.529.5.2.26
CF	B.1.1.529.5.2.27
CE	B.1.1.529.5.2.33
CD	B.1.1.529.5.2.31
CC	B.1.1.529.5.3.1.1.1.2
CB	B.1.1.529.2.75.9
CA	B.1.1.529.2.75.2
BZ	B.1.1.529.5.2.3
BY	B.1.1.529.2.75.6
BW	B.1.1.529.5.6.2
BV	B.1.1.529.5.2.20
BU	B.1.1.529.5.2.16
BT	B.1.1.529.5.1.21
BS	B.1.1.529.2.3.2
BR	B.1.1.529.2.75.4
BQ	B.1.1.529.5.3.1.1.1.1
BP	B.1.1.529.2.3.16
BN	B.1.1.529.2.75.5
BM	B.1.1.529.2.75.3
BL	B.1.1.529.2.75.1
BK	B.1.1.529.5.1.10
BJ	B.1.1.529.2.10.1
BH	B.1.1.529.2.38.3
BG	B.1.1.529.2.12.1
BF	B.1.1.529.5.2.1
BE	B.1.1.529.5.3.1
BD	B.1.1.529.1.17.2
BC	B.1.1.529.1.1.1
BB	B.1.621.1
BA	B.1.1.529
AZ	B.1.1.318
AY	B.1.617.2
AW	B.1.1.464
AV	B.1.1.482
AU	B.1.466.2
AT	B.1.1.370
AS	B.1.1.317
AQ	B.1.1.39
AP	B.1.1.70
AN	B.1.1.200
AM	B.1.1.216
AL	B.1.1.231
AK	B.1.1.232
AJ	B.1.1.240
AH	B.1.1.241
AG	B.1.1.297
AF	B.1.1.305
AE	B.1.1.306
AD	B.1.1.315
AC	B.1.1.405
AB	B.1.160.16
AA	B.1.177.15
Z	B.1.177.50
Y	B.1.177.52
W	B.1.177.53
V	B.1.177.54
U	B.1.177.60
S	B.1.1.217
R	B.1.1.316
Q	B.1.1.7
P	B.1.1.28
N	B.1.1.33
M	B.1.1.294
L	B.1.1.10
K	B.1.1.277
G	B.1.258.2
D	B.1.1.25
C	B.1.1.1
